refrigerant_id,alias,normalized_alias,kind,manufacturer,source_id,locale
r11,R-11,r11,spelling,,coolprop-mit,und
r1123,R-1123,r1123,spelling,,coolprop-mit,und
r113,R-113,r113,spelling,,coolprop-mit,und
r1130e,R-1130(E),r1130e,spelling,,coolprop-mit,und
r1132a,R-1132a,r1132a,spelling,,coolprop-mit,und
r1132e,R-1132(E),r1132e,spelling,,coolprop-mit,und
r114,R-114,r114,spelling,,coolprop-mit,und
r115,R-115,r115,spelling,,coolprop-mit,und
r1150,R-1150,r1150,spelling,,coolprop-mit,und
r116,R-116,r116,spelling,,coolprop-mit,und
r12,R-12,r12,spelling,,coolprop-mit,und
r1224ydz,R-1224YDZ,r1224ydz,spelling,,agc-1224yd-technical,und
r123,R-123,r123,spelling,,coolprop-mit,und
r1233zde,R-1233zd(E),r1233zde,spelling,,coolprop-mit,und
r1234yf,Opteon XL10,opteonxl10,trade_name,Chemours,chemours-opteon-2021,en
r1234yf,R-1234yf,r1234yf,spelling,,coolprop-mit,und
r1234zee,R1234ZE,r1234ze,spelling,,coolprop-mit,und
r1234zee,R-1234ze(E),r1234zee,spelling,,coolprop-mit,und
r1234zez,R-1234ze(Z),r1234zez,spelling,,coolprop-mit,und
r124,R-124,r124,spelling,,coolprop-mit,und
r1243zf,R-1243zf,r1243zf,spelling,,coolprop-mit,und
r125,R-125,r125,spelling,,coolprop-mit,und
r1270,R-1270,r1270,spelling,,coolprop-mit,und
r13,R-13,r13,spelling,,coolprop-mit,und
r1336mzze,R-1336mzz(E),r1336mzze,spelling,,coolprop-mit,und
r1336mzzz,R-1336mzz(Z),r1336mzzz,spelling,,coolprop-mit,und
r134a,Forane 134a,forane134a,trade_name,Arkema,arkema-r134a,en
r134a,R-134a,r134a,spelling,,arkema-r134a,und
r13i1,R-13I1,r13i1,spelling,,coolprop-r13i1-v3,und
r14,R-14,r14,spelling,,coolprop-mit,und
r141b,R-141b,r141b,spelling,,coolprop-mit,und
r142b,R-142b,r142b,spelling,,coolprop-mit,und
r143a,R-143a,r143a,spelling,,coolprop-mit,und
r152a,R-152A,r152a,spelling,,coolprop-mit,und
r161,R-161,r161,spelling,,coolprop-mit,und
r170,R-170,r170,spelling,,coolprop-mit,und
r21,R-21,r21,spelling,,coolprop-mit,und
r218,R-218,r218,spelling,,coolprop-mit,und
r22,Forane 22,forane22,trade_name,Arkema,arkema-r22-2025,en
r22,R-22,r22,spelling,,coolprop-mit,und
r227ea,R-227EA,r227ea,spelling,,coolprop-mit,und
r23,R-23,r23,spelling,,coolprop-mit,und
r236ea,R-236EA,r236ea,spelling,,coolprop-mit,und
r236fa,R-236FA,r236fa,spelling,,coolprop-mit,und
r245ca,R-245ca,r245ca,spelling,,coolprop-mit,und
r245fa,R-245fa,r245fa,spelling,,coolprop-mit,und
r290,R-290,r290,spelling,,coolprop-mit,und
r31,R-31,r31,spelling,,epa-ods-r31-v3,und
r32,R-32,r32,spelling,,coolprop-mit,und
r365mfc,R-365MFC,r365mfc,spelling,,coolprop-mit,und
r40,R-40,r40,spelling,,coolprop-mit,und
r401a,R-401A,r401a,spelling,,epa-snap-compositions,und
r401b,R-401B,r401b,spelling,,epa-snap-compositions,und
r401c,R-401C,r401c,spelling,,epa-snap-compositions,und
r402a,R-402A,r402a,spelling,,epa-snap-compositions,und
r402b,R-402B,r402b,spelling,,epa-snap-compositions,und
r403a,R-403A,r403a,spelling,,coolprop-mit,und
r403b,R-403B,r403b,spelling,,epa-snap-compositions,und
r404a,Genetron 404A,genetron404a,trade_name,Honeywell,honeywell-r404a,en
r404a,R-404A,r404a,spelling,,epa-snap-compositions,und
r405a,R-405A,r405a,spelling,,unep-ozone-blends-live-v3,und
r406a,R-406A,r406a,spelling,,epa-snap-compositions,und
r406b,R-406B,r406b,spelling,,unep-ozone-blends-live-v3,und
r407a,R-407A,r407a,spelling,,epa-snap-compositions,und
r407b,R-407B,r407b,spelling,,epa-snap-compositions,und
r407c,R-407C,r407c,spelling,,epa-snap-compositions,und
r407d,R-407D,r407d,spelling,,epa-snap-compositions,und
r407e,R-407E,r407e,spelling,,coolprop-mit,und
r407f,R-407F,r407f,spelling,,epa-snap-compositions,und
r407g,R-407G,r407g,spelling,,coolprop-mit,und
r407h,R-407H,r407h,spelling,,coolprop-mit,und
r407i,R-407I,r407i,spelling,,coolprop-mit,und
r408a,R-408A,r408a,spelling,,epa-snap-compositions,und
r409a,R-409A,r409a,spelling,,epa-snap-compositions,und
r409b,R-409B,r409b,spelling,,coolprop-mit,und
r41,R-41,r41,spelling,,coolprop-mit,und
r4101a,R-4101A,r4101a,spelling,,unep-teap-2026-v3,und
r4102a,R-4102A,r4102a,spelling,,unep-teap-2026-v3,und
r4103a,R-4103A,r4103a,spelling,,unep-teap-2026-v3,und
r410a,R-410A,r410a,spelling,,epa-snap-compositions,und
r410b,R-410B,r410b,spelling,,epa-snap-compositions,und
r411a,R-411A,r411a,spelling,,epa-snap-compositions,und
r411b,R-411B,r411b,spelling,,epa-snap-compositions,und
r411c,R-411C,r411c,spelling,,unep-ozone-blends-live-v3,und
r412a,R-412A,r412a,spelling,,coolprop-mit,und
r413a,R-413A,r413a,spelling,,coolprop-mit,und
r414a,R-414A,r414a,spelling,,epa-snap-compositions,und
r414b,R-414B,r414b,spelling,,epa-snap-compositions,und
r415a,R-415A,r415a,spelling,,coolprop-mit,und
r415b,R-415B,r415b,spelling,,coolprop-mit,und
r416a,R-416A,r416a,spelling,,coolprop-mit,und
r417a,R-417A,r417a,spelling,,epa-snap-compositions,und
r417b,R-417B,r417b,spelling,,coolprop-mit,und
r417c,R-417C,r417c,spelling,,coolprop-mit,und
r418a,R-418A,r418a,spelling,,coolprop-mit,und
r419a,R-419A,r419a,spelling,,coolprop-mit,und
r419b,R-419B,r419b,spelling,,coolprop-mit,und
r420a,R-420A,r420a,spelling,,epa-snap-compositions,und
r421a,R-421A,r421a,spelling,,epa-snap-compositions,und
r421b,R-421B,r421b,spelling,,epa-snap-compositions,und
r422a,R-422A,r422a,spelling,,epa-snap-compositions,und
r422b,R-422B,r422b,spelling,,epa-snap-compositions,und
r422c,R-422C,r422c,spelling,,epa-snap-compositions,und
r422d,R-422D,r422d,spelling,,epa-snap-compositions,und
r422e,R-422E,r422e,spelling,,coolprop-mit,und
r423a,R-423A,r423a,spelling,,coolprop-mit,und
r424a,R-424A,r424a,spelling,,epa-snap-compositions,und
r425a,R-425A,r425a,spelling,,coolprop-mit,und
r426a,R-426A,r426a,spelling,,epa-snap-compositions,und
r427a,R-427A,r427a,spelling,,epa-snap-compositions,und
r427b,R-427B,r427b,spelling,,unep-ozone-blends-live-v3,und
r427c,R-427C,r427c,spelling,,coolprop-mit,und
r428a,R-428A,r428a,spelling,,epa-snap-compositions,und
r429a,R-429A,r429a,spelling,,coolprop-mit,und
r430a,R-430A,r430a,spelling,,coolprop-mit,und
r431a,R-431A,r431a,spelling,,coolprop-mit,und
r432a,R-432A,r432a,spelling,,coolprop-mit,und
r433a,R-433A,r433a,spelling,,coolprop-mit,und
r433b,R-433B,r433b,spelling,,coolprop-mit,und
r433c,R-433C,r433c,spelling,,coolprop-mit,und
r433d,R-433D,r433d,spelling,,unep-teap-2025-v3,und
r434a,R-434A,r434a,spelling,,epa-snap-compositions,und
r435a,R-435A,r435a,spelling,,coolprop-mit,und
r436a,R-436A,r436a,spelling,,coolprop-mit,und
r436b,R-436B,r436b,spelling,,coolprop-mit,und
r436c,R-436C,r436c,spelling,,coolprop-mit,und
r437a,R-437A,r437a,spelling,,coolprop-mit,und
r438a,R-438A,r438a,spelling,,epa-snap-compositions,und
r439a,R-439A,r439a,spelling,,coolprop-mit,und
r440a,R-440A,r440a,spelling,,coolprop-mit,und
r441a,R-441A,r441a,spelling,,epa-snap-compositions,und
r442a,R-442A,r442a,spelling,,epa-snap-compositions,und
r443a,R-443A,r443a,spelling,,coolprop-mit,und
r444a,R-444A,r444a,spelling,,coolprop-mit,und
r444b,R-444B,r444b,spelling,,coolprop-mit,und
r445a,R-445A,r445a,spelling,,coolprop-mit,und
r446a,R-446A,r446a,spelling,,coolprop-mit,und
r447a,R-447A,r447a,spelling,,coolprop-mit,und
r447b,R-447B,r447b,spelling,,coolprop-mit,und
r448a,R-448A,r448a,spelling,,epa-snap-compositions,und
r448a,Solstice N40,solsticen40,trade_name,Linde,linde-2019-safety,en
r448b,R-448B,r448b,spelling,,coolprop-mit,und
r449a,Opteon XP40,opteonxp40,trade_name,Chemours,chemours-opteon-2021,en
r449a,R-449A,r449a,spelling,,epa-snap-compositions,und
r449b,R-449B,r449b,spelling,,coolprop-mit,und
r449c,R-449C,r449c,spelling,,coolprop-mit,und
r450a,R-450A,r450a,spelling,,epa-snap-compositions,und
r450a,Solstice N13,solsticen13,trade_name,Linde,linde-2019-safety,en
r451a,R-451A,r451a,spelling,,coolprop-mit,und
r451b,R-451B,r451b,spelling,,coolprop-mit,und
r452a,Opteon XP44,opteonxp44,trade_name,Chemours,chemours-opteon-2021,en
r452a,R-452A,r452a,spelling,,coolprop-mit,und
r452b,Opteon XL55,opteonxl55,trade_name,Chemours,chemours-opteon-2021,en
r452b,R-452B,r452b,spelling,,coolprop-mit,und
r452c,R-452C,r452c,spelling,,coolprop-mit,und
r453a,R-453A,r453a,spelling,,coolprop-mit,und
r454a,Opteon XL40,opteonxl40,trade_name,Chemours,chemours-opteon-2021,en
r454a,R-454A,r454a,spelling,,coolprop-mit,und
r454b,Opteon XL41,opteonxl41,trade_name,Chemours,chemours-opteon-2021,en
r454b,R-454B,r454b,spelling,,coolprop-mit,und
r454c,Opteon XL20,opteonxl20,trade_name,Chemours,chemours-opteon-2021,en
r454c,R-454C,r454c,spelling,,coolprop-mit,und
r454d,R-454D,r454d,spelling,,unep-teap-2025-v3,und
r455a,R-455A,r455a,spelling,,coolprop-mit,und
r455a,Solstice L40X,solsticel40x,trade_name,Linde,linde-2019-safety,en
r455b,R-455B,r455b,spelling,,unep-teap-2025-v3,und
r455c,R-455C,r455c,spelling,,unep-teap-2025-v3,und
r456a,R-456A,r456a,spelling,,coolprop-mit,und
r457a,R-457A,r457a,spelling,,coolprop-mit,und
r457b,R-457B,r457b,spelling,,coolprop-mit,und
r457c,R-457C,r457c,spelling,,coolprop-mit,und
r457d,R-457D,r457d,spelling,,unep-teap-2025-v3,und
r458a,R-458A,r458a,spelling,,coolprop-mit,und
r459a,R-459A,r459a,spelling,,coolprop-mit,und
r459b,R-459B,r459b,spelling,,coolprop-mit,und
r460a,R-460A,r460a,spelling,,coolprop-mit,und
r460b,R-460B,r460b,spelling,,coolprop-mit,und
r460c,R-460C,r460c,spelling,,coolprop-mit,und
r461a,R-461A,r461a,spelling,,coolprop-mit,und
r462a,R-462A,r462a,spelling,,coolprop-mit,und
r463a,R-463A,r463a,spelling,,coolprop-mit,und
r464a,R-464A,r464a,spelling,,coolprop-mit,und
r465a,R-465A,r465a,spelling,,coolprop-mit,und
r466a,R-466A,r466a,spelling,,unep-ozone-blends-live-v3,und
r467a,R-467A,r467a,spelling,,coolprop-mit,und
r468a,R-468A,r468a,spelling,,coolprop-mit,und
r468b,R-468B,r468b,spelling,,coolprop-mit,und
r468c,R-468C,r468c,spelling,,coolprop-mit,und
r469a,R-469A,r469a,spelling,,coolprop-mit,und
r470a,R-470A,r470a,spelling,,coolprop-mit,und
r470b,R-470B,r470b,spelling,,coolprop-mit,und
r471a,R-471A,r471a,spelling,,coolprop-mit,und
r472a,R-472A,r472a,spelling,,coolprop-mit,und
r472b,R-472B,r472b,spelling,,coolprop-mit,und
r473a,R-473A,r473a,spelling,,coolprop-mit,und
r474a,R-474A,r474a,spelling,,coolprop-mit,und
r474b,R-474B,r474b,spelling,,unep-teap-2025-v3,und
r475a,R-475A,r475a,spelling,,coolprop-mit,und
r475b,R-475B,r475b,spelling,,unep-teap-2025-v3,und
r476a,R-476A,r476a,spelling,,coolprop-mit,und
r478a,R-478A,r478a,spelling,,unep-teap-2025-v3,und
r479a,R-479A,r479a,spelling,,unep-teap-2025-v3,und
r480a,R-480A,r480a,spelling,,epa-gwp-identities,und
r481a,R-481A,r481a,spelling,,unep-teap-2025-v3,und
r482a,R-482A,r482a,spelling,,epa-gwp-identities,und
r483a,R-483A,r483a,spelling,,unep-teap-2025-v3,und
r484a,R-484A,r484a,spelling,,unep-teap-2025-v3,und
r485a,R-485A,r485a,spelling,,unep-teap-2025-v3,und
r486a,R-486A,r486a,spelling,,unep-teap-2025-v3,und
r487a,R-487A,r487a,spelling,,unep-teap-2025-v3,und
r487b,R-487B,r487b,spelling,,unep-teap-2025-v3,und
r488a,R-488A,r488a,spelling,,unep-teap-2025-v3,und
r489a,R-489A,r489a,spelling,,unep-teap-2025-v3,und
r490a,R-490A,r490a,spelling,,unep-teap-2025-v3,und
r491a,R-491A,r491a,spelling,,unep-teap-2025-v3,und
r493a,R-493A,r493a,spelling,,unep-teap-2025-v3,und
r493b,R-493B,r493b,spelling,,unep-teap-2025-v3,und
r493c,R-493C,r493c,spelling,,unep-teap-2025-v3,und
r494a,R-494A,r494a,spelling,,unep-teap-2025-v3,und
r495a,R-495A,r495a,spelling,,unep-teap-2025-v3,und
r496a,R-496A,r496a,spelling,,unep-teap-2026-v3,und
r497a,R-497A,r497a,spelling,,unep-teap-2026-v3,und
r498a,R-498A,r498a,spelling,,unep-teap-2026-v3,und
r499a,R-499A,r499a,spelling,,unep-teap-2026-v3,und
r50,R-50,r50,spelling,,coolprop-mit,und
r500,R-500,r500,spelling,,coolprop-mit,und
r501,R-501,r501,spelling,,coolprop-mit,und
r502,R-502,r502,spelling,,coolprop-mit,und
r503,R-503,r503,spelling,,coolprop-mit,und
r504,R-504,r504,spelling,,coolprop-mit,und
r505,R-505,r505,spelling,,unep-ozone-blends-live-v3,und
r506,R-506,r506,spelling,,unep-ozone-blends-live-v3,und
r507a,R-507A,r507a,spelling,,epa-snap-compositions,und
r507a,R507C,r507c,historical,,unep-ozone-blends-live-v3,und
r508a,R-508A,r508a,spelling,,epa-snap-compositions,und
r508b,R-508B,r508b,spelling,,epa-snap-compositions,und
r509,R-509,r509,spelling,,unep-ozone-blends-live-v3,und
r509a,R-509A,r509a,spelling,,coolprop-mit,und
r510a,R-510A,r510a,spelling,,coolprop-mit,und
r511a,R-511A,r511a,spelling,,coolprop-mit,und
r512a,R-512A,r512a,spelling,,coolprop-mit,und
r513a,Opteon XP10,opteonxp10,trade_name,Chemours,chemours-opteon-2021,en
r513a,R-513A,r513a,spelling,,epa-snap-compositions,und
r513b,R-513B,r513b,spelling,,epa-gwp-identities,und
r514a,R-514A,r514a,spelling,,epa-gwp-identities,und
r515a,R-515A,r515a,spelling,,unep-ozone-blends-live-v3,und
r515b,R-515B,r515b,spelling,,epa-gwp-identities,und
r516a,R-516A,r516a,spelling,,epa-gwp-identities,und
r600,R-600,r600,spelling,,coolprop-mit,und
r600a,R-600A,r600a,spelling,,coolprop-mit,und
r601,R-601,r601,spelling,,coolprop-mit,und
r601a,R-601a,r601a,spelling,,coolprop-mit,und
r702,R-702,r702,spelling,,coolprop-mit,und
r704,R-704,r704,spelling,,coolprop-mit,und
r717,R-717,r717,spelling,,coolprop-mit,und
r718,R-718,r718,spelling,,coolprop-mit,und
r720,R-720,r720,spelling,,coolprop-mit,und
r728,R-728,r728,spelling,,coolprop-mit,und
r729,R-729,r729,spelling,,coolprop-mit,und
r732,R-732,r732,spelling,,coolprop-mit,und
r740,R-740,r740,spelling,,coolprop-mit,und
r744,R-744,r744,spelling,,coolprop-mit,und
rc318,R-C318,rc318,spelling,,coolprop-rc318-v3,und
re143a,RE-143A,re143a,spelling,,coolprop-mit,und
re170,RE-170,re170,spelling,,coolprop-mit,und
r437a,Freon MO49,freonmo49,trade_name,Chemours,chemours-cre-2016,en
