refrigerant_id,component_refrigerant_id,mass_fraction,legal_family,source_id,reviewed_at
r401a,r124,0.34,,epa-snap-compositions,2026-09-25
r401a,r152a,0.13,,epa-snap-compositions,2026-09-25
r401a,r22,0.53,,epa-snap-compositions,2026-09-25
r401b,r124,0.28,,epa-snap-compositions,2026-09-25
r401b,r152a,0.11,,epa-snap-compositions,2026-09-25
r401b,r22,0.61,,epa-snap-compositions,2026-09-25
r401c,r124,0.52,,epa-snap-compositions,2026-09-25
r401c,r152a,0.15,,epa-snap-compositions,2026-09-25
r401c,r22,0.33,,epa-snap-compositions,2026-09-25
r402a,r125,0.6,,epa-snap-compositions,2026-09-25
r402a,r22,0.38,,epa-snap-compositions,2026-09-25
r402a,r290,0.02,,epa-snap-compositions,2026-09-25
r402b,r125,0.38,,epa-snap-compositions,2026-09-25
r402b,r22,0.6,,epa-snap-compositions,2026-09-25
r402b,r290,0.02,,epa-snap-compositions,2026-09-25
r403a,r218,0.2,,unep-ozone-oewg47-inf3-rev1,2026-09-25
r403a,r22,0.75,,unep-ozone-oewg47-inf3-rev1,2026-09-25
r403a,r290,0.05,,unep-ozone-oewg47-inf3-rev1,2026-09-25
r403b,r218,0.39,,epa-snap-compositions,2026-09-25
r403b,r22,0.56,,epa-snap-compositions,2026-09-25
r403b,r290,0.05,,epa-snap-compositions,2026-09-25
r404a,r125,0.44,,epa-snap-compositions,2026-09-25
r404a,r134a,0.04,,epa-snap-compositions,2026-09-25
r404a,r143a,0.52,,epa-snap-compositions,2026-09-25
r405a,r142b,0.055,,unep-ozone-blends-live-v3,2026-09-25
r405a,r152a,0.07,,unep-ozone-blends-live-v3,2026-09-25
r405a,r22,0.45,,unep-ozone-blends-live-v3,2026-09-25
r405a,rc318,0.425,,unep-ozone-blends-live-v3,2026-09-25
r406a,r142b,0.41,,epa-snap-compositions,2026-09-25
r406a,r22,0.55,,epa-snap-compositions,2026-09-25
r406a,r600a,0.04,,epa-snap-compositions,2026-09-25
r406b,r142b,0.31,,unep-ozone-blends-live-v3,2026-09-25
r406b,r22,0.65,,unep-ozone-blends-live-v3,2026-09-25
r406b,r600a,0.04,,unep-ozone-blends-live-v3,2026-09-25
r407a,r125,0.4,,epa-snap-compositions,2026-09-25
r407a,r134a,0.4,,epa-snap-compositions,2026-09-25
r407a,r32,0.2,,epa-snap-compositions,2026-09-25
r407b,r125,0.7,,epa-snap-compositions,2026-09-25
r407b,r134a,0.2,,epa-snap-compositions,2026-09-25
r407b,r32,0.1,,epa-snap-compositions,2026-09-25
r407c,r125,0.25,,epa-snap-compositions,2026-09-25
r407c,r134a,0.52,,epa-snap-compositions,2026-09-25
r407c,r32,0.23,,epa-snap-compositions,2026-09-25
r407d,r125,0.15,,epa-snap-compositions,2026-09-25
r407d,r134a,0.7,,epa-snap-compositions,2026-09-25
r407d,r32,0.15,,epa-snap-compositions,2026-09-25
r407e,r125,0.15,,unep-ozone-oewg47-inf3-rev1,2026-09-25
r407e,r134a,0.6,,unep-ozone-oewg47-inf3-rev1,2026-09-25
r407e,r32,0.25,,unep-ozone-oewg47-inf3-rev1,2026-09-25
r407f,r125,0.3,,epa-snap-compositions,2026-09-25
r407f,r134a,0.4,,epa-snap-compositions,2026-09-25
r407f,r32,0.3,,epa-snap-compositions,2026-09-25
r407g,r125,0.025,,unep-ozone-oewg47-inf3-rev1,2026-09-25
r407g,r134a,0.95,,unep-ozone-oewg47-inf3-rev1,2026-09-25
r407g,r32,0.025,,unep-ozone-oewg47-inf3-rev1,2026-09-25
r407h,r125,0.15,,unep-ozone-oewg47-inf3-rev1,2026-09-25
r407h,r134a,0.525,,unep-ozone-oewg47-inf3-rev1,2026-09-25
r407h,r32,0.325,,unep-ozone-oewg47-inf3-rev1,2026-09-25
r407i,r125,0.085,,unep-ozone-oewg47-inf3-rev1,2026-09-25
r407i,r134a,0.72,,unep-ozone-oewg47-inf3-rev1,2026-09-25
r407i,r32,0.195,,unep-ozone-oewg47-inf3-rev1,2026-09-25
r408a,r125,0.07,,epa-snap-compositions,2026-09-25
r408a,r143a,0.46,,epa-snap-compositions,2026-09-25
r408a,r22,0.47,,epa-snap-compositions,2026-09-25
r409a,r124,0.25,,epa-snap-compositions,2026-09-25
r409a,r142b,0.15,,epa-snap-compositions,2026-09-25
r409a,r22,0.6,,epa-snap-compositions,2026-09-25
r409b,r124,0.25,,unep-ozone-oewg47-inf3-rev1,2026-09-25
r409b,r142b,0.1,,unep-ozone-oewg47-inf3-rev1,2026-09-25
r409b,r22,0.65,,unep-ozone-oewg47-inf3-rev1,2026-09-25
r4101a,r13i1,0.585,,unep-teap-2026-v3,2026-09-25
r4101a,r152a,0.305,,unep-teap-2026-v3,2026-09-25
r4101a,r32,0.11,,unep-teap-2026-v3,2026-09-25
r4102a,r1233zde,0.3,,unep-teap-2026-v3,2026-09-25
r4102a,r1234zee,0.6,,unep-teap-2026-v3,2026-09-25
r4102a,r134a,0.1,,unep-teap-2026-v3,2026-09-25
r4103a,r1234zee,0.51,,unep-teap-2026-v3,2026-09-25
r4103a,r13i1,0.17,,unep-teap-2026-v3,2026-09-25
r4103a,r152a,0.22,,unep-teap-2026-v3,2026-09-25
r4103a,r32,0.1,,unep-teap-2026-v3,2026-09-25
r410a,r125,0.5,,epa-snap-compositions,2026-09-25
r410a,r32,0.5,,epa-snap-compositions,2026-09-25
r410b,r125,0.55,,epa-snap-compositions,2026-09-25
r410b,r32,0.45,,epa-snap-compositions,2026-09-25
r411a,r1270,0.015,,epa-snap-compositions,2026-09-25
r411a,r152a,0.11,,epa-snap-compositions,2026-09-25
r411a,r22,0.875,,epa-snap-compositions,2026-09-25
r411b,r1270,0.03,,epa-snap-compositions,2026-09-25
r411b,r152a,0.03,,epa-snap-compositions,2026-09-25
r411b,r22,0.94,,epa-snap-compositions,2026-09-25
r411c,r1270,0.03,,unep-ozone-blends-live-v3,2026-09-25
r411c,r152a,0.015,,unep-ozone-blends-live-v3,2026-09-25
r411c,r22,0.955,,unep-ozone-blends-live-v3,2026-09-25
r412a,r142b,0.25,,unep-ozone-oewg47-inf3-rev1,2026-09-25
r412a,r218,0.05,,unep-ozone-oewg47-inf3-rev1,2026-09-25
r412a,r22,0.7,,unep-ozone-oewg47-inf3-rev1,2026-09-25
r413a,r134a,0.88,,unep-ozone-oewg47-inf3-rev1,2026-09-25
r413a,r218,0.09,,unep-ozone-oewg47-inf3-rev1,2026-09-25
r413a,r600a,0.03,,unep-ozone-oewg47-inf3-rev1,2026-09-25
r414a,r124,0.285,,epa-snap-compositions,2026-09-25
r414a,r142b,0.165,,epa-snap-compositions,2026-09-25
r414a,r22,0.51,,epa-snap-compositions,2026-09-25
r414a,r600a,0.04,,epa-snap-compositions,2026-09-25
r414b,r124,0.39,,epa-snap-compositions,2026-09-25
r414b,r142b,0.095,,epa-snap-compositions,2026-09-25
r414b,r22,0.5,,epa-snap-compositions,2026-09-25
r414b,r600a,0.015,,epa-snap-compositions,2026-09-25
r415a,r152a,0.18,,unep-ozone-oewg47-inf3-rev1,2026-09-25
r415a,r22,0.82,,unep-ozone-oewg47-inf3-rev1,2026-09-25
r415b,r152a,0.75,,unep-ozone-oewg47-inf3-rev1,2026-09-25
r415b,r22,0.25,,unep-ozone-oewg47-inf3-rev1,2026-09-25
r416a,r124,0.395,,unep-ozone-oewg47-inf3-rev1,2026-09-25
r416a,r134a,0.59,,unep-ozone-oewg47-inf3-rev1,2026-09-25
r416a,r600,0.015,,unep-ozone-oewg47-inf3-rev1,2026-09-25
r417a,r125,0.466,,epa-snap-compositions,2026-09-25
r417a,r134a,0.5,,epa-snap-compositions,2026-09-25
r417a,r600,0.034,,epa-snap-compositions,2026-09-25
r417b,r125,0.79,,unep-ozone-oewg47-inf3-rev1,2026-09-25
r417b,r134a,0.183,,unep-ozone-oewg47-inf3-rev1,2026-09-25
r417b,r600,0.027,,unep-ozone-oewg47-inf3-rev1,2026-09-25
r417c,r125,0.195,,unep-ozone-oewg47-inf3-rev1,2026-09-25
r417c,r134a,0.788,,unep-ozone-oewg47-inf3-rev1,2026-09-25
r417c,r600,0.017,,unep-ozone-oewg47-inf3-rev1,2026-09-25
r418a,r152a,0.025,,unep-ozone-oewg47-inf3-rev1,2026-09-25
r418a,r22,0.96,,unep-ozone-oewg47-inf3-rev1,2026-09-25
r418a,r290,0.015,,unep-ozone-oewg47-inf3-rev1,2026-09-25
r419a,r125,0.77,,unep-ozone-oewg47-inf3-rev1,2026-09-25
r419a,r134a,0.19,,unep-ozone-oewg47-inf3-rev1,2026-09-25
r419a,re170,0.04,,unep-ozone-oewg47-inf3-rev1,2026-09-25
r419b,r125,0.485,,unep-ozone-oewg47-inf3-rev1,2026-09-25
r419b,r134a,0.48,,unep-ozone-oewg47-inf3-rev1,2026-09-25
r419b,re170,0.035,,unep-ozone-oewg47-inf3-rev1,2026-09-25
r420a,r134a,0.88,,epa-snap-compositions,2026-09-25
r420a,r142b,0.12,,epa-snap-compositions,2026-09-25
r421a,r125,0.58,,epa-snap-compositions,2026-09-25
r421a,r134a,0.42,,epa-snap-compositions,2026-09-25
r421b,r125,0.85,,epa-snap-compositions,2026-09-25
r421b,r134a,0.15,,epa-snap-compositions,2026-09-25
r422a,r125,0.851,,epa-snap-compositions,2026-09-25
r422a,r134a,0.115,,epa-snap-compositions,2026-09-25
r422a,r600a,0.034,,epa-snap-compositions,2026-09-25
r422b,r125,0.55,,epa-snap-compositions,2026-09-25
r422b,r134a,0.42,,epa-snap-compositions,2026-09-25
r422b,r600a,0.03,,epa-snap-compositions,2026-09-25
r422c,r125,0.82,,epa-snap-compositions,2026-09-25
r422c,r134a,0.15,,epa-snap-compositions,2026-09-25
r422c,r600a,0.03,,epa-snap-compositions,2026-09-25
r422d,r125,0.651,,epa-snap-compositions,2026-09-25
r422d,r134a,0.315,,epa-snap-compositions,2026-09-25
r422d,r600a,0.034,,epa-snap-compositions,2026-09-25
r422e,r125,0.58,,unep-ozone-oewg47-inf3-rev1,2026-09-25
r422e,r134a,0.393,,unep-ozone-oewg47-inf3-rev1,2026-09-25
r422e,r600a,0.027,,unep-ozone-oewg47-inf3-rev1,2026-09-25
r423a,r134a,0.525,,unep-ozone-oewg47-inf3-rev1,2026-09-25
r423a,r227ea,0.475,,unep-ozone-oewg47-inf3-rev1,2026-09-25
r424a,r125,0.505,,epa-snap-compositions,2026-09-25
r424a,r134a,0.47,,epa-snap-compositions,2026-09-25
r424a,r600,0.01,,epa-snap-compositions,2026-09-25
r424a,r600a,0.009,,epa-snap-compositions,2026-09-25
r424a,r601a,0.006,,epa-snap-compositions,2026-09-25
r425a,r134a,0.695,,unep-ozone-oewg47-inf3-rev1,2026-09-25
r425a,r227ea,0.12,,unep-ozone-oewg47-inf3-rev1,2026-09-25
r425a,r32,0.185,,unep-ozone-oewg47-inf3-rev1,2026-09-25
r426a,r125,0.051,,epa-snap-compositions,2026-09-25
r426a,r134a,0.93,,epa-snap-compositions,2026-09-25
r426a,r600,0.013,,epa-snap-compositions,2026-09-25
r426a,r600a,0.006,,epa-snap-compositions,2026-09-25
r427a,r125,0.25,,epa-snap-compositions,2026-09-25
r427a,r134a,0.5,,epa-snap-compositions,2026-09-25
r427a,r143a,0.1,,epa-snap-compositions,2026-09-25
r427a,r32,0.15,,epa-snap-compositions,2026-09-25
r427b,r125,0.256,,unep-ozone-blends-live-v3,2026-09-25
r427b,r134a,0.348,,unep-ozone-blends-live-v3,2026-09-25
r427b,r143a,0.19,,unep-ozone-blends-live-v3,2026-09-25
r427b,r32,0.206,,unep-ozone-blends-live-v3,2026-09-25
r427c,r125,0.25,,unep-ozone-oewg47-inf3-rev1,2026-09-25
r427c,r134a,0.4,,unep-ozone-oewg47-inf3-rev1,2026-09-25
r427c,r143a,0.1,,unep-ozone-oewg47-inf3-rev1,2026-09-25
r427c,r32,0.25,,unep-ozone-oewg47-inf3-rev1,2026-09-25
r428a,r125,0.775,,epa-snap-compositions,2026-09-25
r428a,r143a,0.2,,epa-snap-compositions,2026-09-25
r428a,r290,0.006,,epa-snap-compositions,2026-09-25
r428a,r600a,0.019,,epa-snap-compositions,2026-09-25
r429a,r152a,0.1,,unep-ozone-oewg47-inf3-rev1,2026-09-25
r429a,r600a,0.3,,unep-ozone-oewg47-inf3-rev1,2026-09-25
r429a,re170,0.6,,unep-ozone-oewg47-inf3-rev1,2026-09-25
r430a,r152a,0.76,,unep-ozone-oewg47-inf3-rev1,2026-09-25
r430a,r600a,0.24,,unep-ozone-oewg47-inf3-rev1,2026-09-25
r431a,r152a,0.29,,unep-ozone-oewg47-inf3-rev1,2026-09-25
r431a,r290,0.71,,unep-ozone-oewg47-inf3-rev1,2026-09-25
r432a,r1270,0.8,,unep-ozone-oewg47-inf3-rev1,2026-09-25
r432a,re170,0.2,,unep-ozone-oewg47-inf3-rev1,2026-09-25
r433a,r1270,0.3,,unep-ozone-oewg47-inf3-rev1,2026-09-25
r433a,r290,0.7,,unep-ozone-oewg47-inf3-rev1,2026-09-25
r433b,r1270,0.05,,unep-ozone-oewg47-inf3-rev1,2026-09-25
r433b,r290,0.95,,unep-ozone-oewg47-inf3-rev1,2026-09-25
r433c,r1270,0.25,,unep-ozone-oewg47-inf3-rev1,2026-09-25
r433c,r290,0.75,,unep-ozone-oewg47-inf3-rev1,2026-09-25
r433d,r1270,0.35,,unep-teap-2025-v3,2026-09-25
r433d,r290,0.65,,unep-teap-2025-v3,2026-09-25
r434a,r125,0.632,,epa-snap-compositions,2026-09-25
r434a,r134a,0.16,,epa-snap-compositions,2026-09-25
r434a,r143a,0.18,,epa-snap-compositions,2026-09-25
r434a,r600a,0.028,,epa-snap-compositions,2026-09-25
r435a,r152a,0.2,,unep-ozone-oewg47-inf3-rev1,2026-09-25
r435a,re170,0.8,,unep-ozone-oewg47-inf3-rev1,2026-09-25
r436a,r290,0.56,,unep-ozone-oewg47-inf3-rev1,2026-09-25
r436a,r600a,0.44,,unep-ozone-oewg47-inf3-rev1,2026-09-25
r436b,r290,0.52,,unep-ozone-oewg47-inf3-rev1,2026-09-25
r436b,r600a,0.48,,unep-ozone-oewg47-inf3-rev1,2026-09-25
r436c,r290,0.95,,unep-ozone-oewg47-inf3-rev1,2026-09-25
r436c,r600a,0.05,,unep-ozone-oewg47-inf3-rev1,2026-09-25
r437a,r125,0.195,,unep-ozone-oewg47-inf3-rev1,2026-09-25
r437a,r134a,0.785,,unep-ozone-oewg47-inf3-rev1,2026-09-25
r437a,r600,0.014,,unep-ozone-oewg47-inf3-rev1,2026-09-25
r437a,r601,0.006,,unep-ozone-oewg47-inf3-rev1,2026-09-25
r438a,r125,0.45,,epa-snap-compositions,2026-09-25
r438a,r134a,0.442,,epa-snap-compositions,2026-09-25
r438a,r32,0.085,,epa-snap-compositions,2026-09-25
r438a,r600,0.017,,epa-snap-compositions,2026-09-25
r438a,r601a,0.006,,epa-snap-compositions,2026-09-25
r439a,r125,0.47,,unep-ozone-oewg47-inf3-rev1,2026-09-25
r439a,r32,0.5,,unep-ozone-oewg47-inf3-rev1,2026-09-25
r439a,r600a,0.03,,unep-ozone-oewg47-inf3-rev1,2026-09-25
r440a,r134a,0.016,,unep-ozone-oewg47-inf3-rev1,2026-09-25
r440a,r152a,0.978,,unep-ozone-oewg47-inf3-rev1,2026-09-25
r440a,r290,0.006,,unep-ozone-oewg47-inf3-rev1,2026-09-25
r441a,r170,0.031,,epa-snap-compositions,2026-09-25
r441a,r290,0.548,,epa-snap-compositions,2026-09-25
r441a,r600,0.361,,epa-snap-compositions,2026-09-25
r441a,r600a,0.06,,epa-snap-compositions,2026-09-25
r442a,r125,0.31,,epa-snap-compositions,2026-09-25
r442a,r134a,0.3,,epa-snap-compositions,2026-09-25
r442a,r152a,0.03,,epa-snap-compositions,2026-09-25
r442a,r227ea,0.05,,epa-snap-compositions,2026-09-25
r442a,r32,0.31,,epa-snap-compositions,2026-09-25
r443a,r1270,0.55,,unep-ozone-oewg47-inf3-rev1,2026-09-25
r443a,r290,0.4,,unep-ozone-oewg47-inf3-rev1,2026-09-25
r443a,r600a,0.05,,unep-ozone-oewg47-inf3-rev1,2026-09-25
r444a,r1234zee,0.83,,unep-ozone-oewg47-inf3-rev1,2026-09-25
r444a,r152a,0.05,,unep-ozone-oewg47-inf3-rev1,2026-09-25
r444a,r32,0.12,,unep-ozone-oewg47-inf3-rev1,2026-09-25
r444b,r1234zee,0.485,,unep-ozone-oewg47-inf3-rev1,2026-09-25
r444b,r152a,0.1,,unep-ozone-oewg47-inf3-rev1,2026-09-25
r444b,r32,0.415,,unep-ozone-oewg47-inf3-rev1,2026-09-25
r445a,r1234zee,0.85,,unep-ozone-oewg47-inf3-rev1,2026-09-25
r445a,r134a,0.09,,unep-ozone-oewg47-inf3-rev1,2026-09-25
r445a,r744,0.06,,unep-ozone-oewg47-inf3-rev1,2026-09-25
r446a,r1234zee,0.29,,unep-ozone-oewg47-inf3-rev1,2026-09-25
r446a,r32,0.68,,unep-ozone-oewg47-inf3-rev1,2026-09-25
r446a,r600,0.03,,unep-ozone-oewg47-inf3-rev1,2026-09-25
r447a,r1234zee,0.285,,unep-ozone-oewg47-inf3-rev1,2026-09-25
r447a,r125,0.035,,unep-ozone-oewg47-inf3-rev1,2026-09-25
r447a,r32,0.68,,unep-ozone-oewg47-inf3-rev1,2026-09-25
r447b,r1234zee,0.24,,unep-ozone-oewg47-inf3-rev1,2026-09-25
r447b,r125,0.08,,unep-ozone-oewg47-inf3-rev1,2026-09-25
r447b,r32,0.68,,unep-ozone-oewg47-inf3-rev1,2026-09-25
r448a,r1234yf,0.2,,epa-snap-compositions,2026-09-25
r448a,r1234zee,0.07,,epa-snap-compositions,2026-09-25
r448a,r125,0.26,,epa-snap-compositions,2026-09-25
r448a,r134a,0.21,,epa-snap-compositions,2026-09-25
r448a,r32,0.26,,epa-snap-compositions,2026-09-25
r448b,r1234yf,0.2,,unep-ozone-oewg47-inf3-rev1,2026-09-25
r448b,r1234zee,0.07,,unep-ozone-oewg47-inf3-rev1,2026-09-25
r448b,r125,0.21,,unep-ozone-oewg47-inf3-rev1,2026-09-25
r448b,r134a,0.31,,unep-ozone-oewg47-inf3-rev1,2026-09-25
r448b,r32,0.21,,unep-ozone-oewg47-inf3-rev1,2026-09-25
r449a,r1234yf,0.253,,epa-snap-compositions,2026-09-25
r449a,r125,0.247,,epa-snap-compositions,2026-09-25
r449a,r134a,0.257,,epa-snap-compositions,2026-09-25
r449a,r32,0.243,,epa-snap-compositions,2026-09-25
r449b,r1234yf,0.232,,unep-ozone-oewg47-inf3-rev1,2026-09-25
r449b,r125,0.243,,unep-ozone-oewg47-inf3-rev1,2026-09-25
r449b,r134a,0.273,,unep-ozone-oewg47-inf3-rev1,2026-09-25
r449b,r32,0.252,,unep-ozone-oewg47-inf3-rev1,2026-09-25
r449c,r1234yf,0.31,,unep-ozone-oewg47-inf3-rev1,2026-09-25
r449c,r125,0.2,,unep-ozone-oewg47-inf3-rev1,2026-09-25
r449c,r134a,0.29,,unep-ozone-oewg47-inf3-rev1,2026-09-25
r449c,r32,0.2,,unep-ozone-oewg47-inf3-rev1,2026-09-25
r450a,r1234zee,0.58,,epa-snap-compositions,2026-09-25
r450a,r134a,0.42,,epa-snap-compositions,2026-09-25
r451a,r1234yf,0.898,,unep-ozone-oewg47-inf3-rev1,2026-09-25
r451a,r134a,0.102,,unep-ozone-oewg47-inf3-rev1,2026-09-25
r451b,r1234yf,0.888,,unep-ozone-oewg47-inf3-rev1,2026-09-25
r451b,r134a,0.112,,unep-ozone-oewg47-inf3-rev1,2026-09-25
r452a,r1234yf,0.3,,unep-ozone-oewg47-inf3-rev1,2026-09-25
r452a,r125,0.59,,unep-ozone-oewg47-inf3-rev1,2026-09-25
r452a,r32,0.11,,unep-ozone-oewg47-inf3-rev1,2026-09-25
r452b,r1234yf,0.26,,unep-ozone-oewg47-inf3-rev1,2026-09-25
r452b,r125,0.07,,unep-ozone-oewg47-inf3-rev1,2026-09-25
r452b,r32,0.67,,unep-ozone-oewg47-inf3-rev1,2026-09-25
r452c,r1234yf,0.265,,unep-ozone-oewg47-inf3-rev1,2026-09-25
r452c,r125,0.61,,unep-ozone-oewg47-inf3-rev1,2026-09-25
r452c,r32,0.125,,unep-ozone-oewg47-inf3-rev1,2026-09-25
r453a,r125,0.2,,unep-ozone-oewg47-inf3-rev1,2026-09-25
r453a,r134a,0.538,,unep-ozone-oewg47-inf3-rev1,2026-09-25
r453a,r227ea,0.05,,unep-ozone-oewg47-inf3-rev1,2026-09-25
r453a,r32,0.2,,unep-ozone-oewg47-inf3-rev1,2026-09-25
r453a,r600,0.006,,unep-ozone-oewg47-inf3-rev1,2026-09-25
r453a,r601a,0.006,,unep-ozone-oewg47-inf3-rev1,2026-09-25
r454a,r1234yf,0.65,,unep-ozone-oewg47-inf3-rev1,2026-09-25
r454a,r32,0.35,,unep-ozone-oewg47-inf3-rev1,2026-09-25
r454b,r1234yf,0.311,,unep-ozone-oewg47-inf3-rev1,2026-09-25
r454b,r32,0.689,,unep-ozone-oewg47-inf3-rev1,2026-09-25
r454c,r1234yf,0.785,,unep-ozone-oewg47-inf3-rev1,2026-09-25
r454c,r32,0.215,,unep-ozone-oewg47-inf3-rev1,2026-09-25
r454d,r1234yf,0.57,,unep-teap-2025-v3,2026-09-25
r454d,r32,0.43,,unep-teap-2025-v3,2026-09-25
r455a,r1234yf,0.755,,unep-ozone-oewg47-inf3-rev1,2026-09-25
r455a,r32,0.215,,unep-ozone-oewg47-inf3-rev1,2026-09-25
r455a,r744,0.03,,unep-ozone-oewg47-inf3-rev1,2026-09-25
r455b,r1234yf,0.52,,unep-teap-2025-v3,2026-09-25
r455b,r32,0.42,,unep-teap-2025-v3,2026-09-25
r455b,r744,0.06,,unep-teap-2025-v3,2026-09-25
r455c,r1234yf,0.54,,unep-teap-2025-v3,2026-09-25
r455c,r32,0.43,,unep-teap-2025-v3,2026-09-25
r455c,r744,0.03,,unep-teap-2025-v3,2026-09-25
r456a,r1234zee,0.49,,unep-ozone-oewg47-inf3-rev1,2026-09-25
r456a,r134a,0.45,,unep-ozone-oewg47-inf3-rev1,2026-09-25
r456a,r32,0.06,,unep-ozone-oewg47-inf3-rev1,2026-09-25
r457a,r1234yf,0.7,,unep-ozone-oewg47-inf3-rev1,2026-09-25
r457a,r152a,0.12,,unep-ozone-oewg47-inf3-rev1,2026-09-25
r457a,r32,0.18,,unep-ozone-oewg47-inf3-rev1,2026-09-25
r457b,r1234yf,0.55,,unep-ozone-oewg47-inf3-rev1,2026-09-25
r457b,r152a,0.1,,unep-ozone-oewg47-inf3-rev1,2026-09-25
r457b,r32,0.35,,unep-ozone-oewg47-inf3-rev1,2026-09-25
r457c,r1234yf,0.78,,unep-ozone-oewg47-inf3-rev1,2026-09-25
r457c,r152a,0.145,,unep-ozone-oewg47-inf3-rev1,2026-09-25
r457c,r32,0.075,,unep-ozone-oewg47-inf3-rev1,2026-09-25
r457d,r1234yf,0.82,,unep-teap-2025-v3,2026-09-25
r457d,r152a,0.14,,unep-teap-2025-v3,2026-09-25
r457d,r32,0.04,,unep-teap-2025-v3,2026-09-25
r458a,r125,0.04,,unep-ozone-oewg47-inf3-rev1,2026-09-25
r458a,r134a,0.614,,unep-ozone-oewg47-inf3-rev1,2026-09-25
r458a,r227ea,0.135,,unep-ozone-oewg47-inf3-rev1,2026-09-25
r458a,r236fa,0.006,,unep-ozone-oewg47-inf3-rev1,2026-09-25
r458a,r32,0.205,,unep-ozone-oewg47-inf3-rev1,2026-09-25
r459a,r1234yf,0.26,,unep-ozone-oewg47-inf3-rev1,2026-09-25
r459a,r1234zee,0.06,,unep-ozone-oewg47-inf3-rev1,2026-09-25
r459a,r32,0.68,,unep-ozone-oewg47-inf3-rev1,2026-09-25
r459b,r1234yf,0.69,,unep-ozone-oewg47-inf3-rev1,2026-09-25
r459b,r1234zee,0.1,,unep-ozone-oewg47-inf3-rev1,2026-09-25
r459b,r32,0.21,,unep-ozone-oewg47-inf3-rev1,2026-09-25
r460a,r1234zee,0.22,,unep-ozone-oewg47-inf3-rev1,2026-09-25
r460a,r125,0.52,,unep-ozone-oewg47-inf3-rev1,2026-09-25
r460a,r134a,0.14,,unep-ozone-oewg47-inf3-rev1,2026-09-25
r460a,r32,0.12,,unep-ozone-oewg47-inf3-rev1,2026-09-25
r460b,r1234zee,0.27,,unep-ozone-oewg47-inf3-rev1,2026-09-25
r460b,r125,0.25,,unep-ozone-oewg47-inf3-rev1,2026-09-25
r460b,r134a,0.2,,unep-ozone-oewg47-inf3-rev1,2026-09-25
r460b,r32,0.28,,unep-ozone-oewg47-inf3-rev1,2026-09-25
r460c,r1234zee,0.49,,unep-ozone-oewg47-inf3-rev1,2026-09-25
r460c,r125,0.025,,unep-ozone-oewg47-inf3-rev1,2026-09-25
r460c,r134a,0.46,,unep-ozone-oewg47-inf3-rev1,2026-09-25
r460c,r32,0.025,,unep-ozone-oewg47-inf3-rev1,2026-09-25
r461a,r125,0.55,,unep-ozone-oewg47-inf3-rev1,2026-09-25
r461a,r134a,0.32,,unep-ozone-oewg47-inf3-rev1,2026-09-25
r461a,r143a,0.05,,unep-ozone-oewg47-inf3-rev1,2026-09-25
r461a,r227ea,0.05,,unep-ozone-oewg47-inf3-rev1,2026-09-25
r461a,r600a,0.03,,unep-ozone-oewg47-inf3-rev1,2026-09-25
r462a,r125,0.42,,unep-ozone-oewg47-inf3-rev1,2026-09-25
r462a,r134a,0.44,,unep-ozone-oewg47-inf3-rev1,2026-09-25
r462a,r143a,0.02,,unep-ozone-oewg47-inf3-rev1,2026-09-25
r462a,r32,0.09,,unep-ozone-oewg47-inf3-rev1,2026-09-25
r462a,r600,0.03,,unep-ozone-oewg47-inf3-rev1,2026-09-25
r463a,r1234yf,0.14,,unep-ozone-oewg47-inf3-rev1,2026-09-25
r463a,r125,0.3,,unep-ozone-oewg47-inf3-rev1,2026-09-25
r463a,r134a,0.14,,unep-ozone-oewg47-inf3-rev1,2026-09-25
r463a,r32,0.36,,unep-ozone-oewg47-inf3-rev1,2026-09-25
r463a,r744,0.06,,unep-ozone-oewg47-inf3-rev1,2026-09-25
r464a,r1234zee,0.4,,unep-ozone-oewg47-inf3-rev1,2026-09-25
r464a,r125,0.27,,unep-ozone-oewg47-inf3-rev1,2026-09-25
r464a,r227ea,0.06,,unep-ozone-oewg47-inf3-rev1,2026-09-25
r464a,r32,0.27,,unep-ozone-oewg47-inf3-rev1,2026-09-25
r465a,r1234yf,0.711,,unep-ozone-oewg47-inf3-rev1,2026-09-25
r465a,r290,0.079,,unep-ozone-oewg47-inf3-rev1,2026-09-25
r465a,r32,0.21,,unep-ozone-oewg47-inf3-rev1,2026-09-25
r466a,r125,0.115,,unep-ozone-blends-live-v3,2026-09-25
r466a,r13i1,0.395,,unep-ozone-blends-live-v3,2026-09-25
r466a,r32,0.49,,unep-ozone-blends-live-v3,2026-09-25
r467a,r125,0.05,,unep-ozone-oewg47-inf3-rev1,2026-09-25
r467a,r134a,0.724,,unep-ozone-oewg47-inf3-rev1,2026-09-25
r467a,r32,0.22,,unep-ozone-oewg47-inf3-rev1,2026-09-25
r467a,r600a,0.006,,unep-ozone-oewg47-inf3-rev1,2026-09-25
r468a,r1132a,0.035,,unep-ozone-oewg47-inf3-rev1,2026-09-25
r468a,r1234yf,0.75,,unep-ozone-oewg47-inf3-rev1,2026-09-25
r468a,r32,0.215,,unep-ozone-oewg47-inf3-rev1,2026-09-25
r468b,r1132a,0.06,,unep-ozone-oewg47-inf3-rev1,2026-09-25
r468b,r1234yf,0.81,,unep-ozone-oewg47-inf3-rev1,2026-09-25
r468b,r32,0.13,,unep-ozone-oewg47-inf3-rev1,2026-09-25
r468c,r1132a,0.06,,unep-ozone-oewg47-inf3-rev1,2026-09-25
r468c,r1234yf,0.52,,unep-ozone-oewg47-inf3-rev1,2026-09-25
r468c,r32,0.42,,unep-ozone-oewg47-inf3-rev1,2026-09-25
r469a,r125,0.325,,unep-ozone-oewg47-inf3-rev1,2026-09-25
r469a,r32,0.325,,unep-ozone-oewg47-inf3-rev1,2026-09-25
r469a,r744,0.35,,unep-ozone-oewg47-inf3-rev1,2026-09-25
r470a,r1234zee,0.44,,unep-ozone-oewg47-inf3-rev1,2026-09-25
r470a,r125,0.19,,unep-ozone-oewg47-inf3-rev1,2026-09-25
r470a,r134a,0.07,,unep-ozone-oewg47-inf3-rev1,2026-09-25
r470a,r227ea,0.03,,unep-ozone-oewg47-inf3-rev1,2026-09-25
r470a,r32,0.17,,unep-ozone-oewg47-inf3-rev1,2026-09-25
r470a,r744,0.1,,unep-ozone-oewg47-inf3-rev1,2026-09-25
r470b,r1234zee,0.57,,unep-ozone-oewg47-inf3-rev1,2026-09-25
r470b,r125,0.115,,unep-ozone-oewg47-inf3-rev1,2026-09-25
r470b,r134a,0.03,,unep-ozone-oewg47-inf3-rev1,2026-09-25
r470b,r227ea,0.07,,unep-ozone-oewg47-inf3-rev1,2026-09-25
r470b,r32,0.115,,unep-ozone-oewg47-inf3-rev1,2026-09-25
r470b,r744,0.1,,unep-ozone-oewg47-inf3-rev1,2026-09-25
r471a,r1234zee,0.787,,unep-ozone-oewg47-inf3-rev1,2026-09-25
r471a,r1336mzze,0.17,,unep-ozone-oewg47-inf3-rev1,2026-09-25
r471a,r227ea,0.043,,unep-ozone-oewg47-inf3-rev1,2026-09-25
r472a,r134a,0.19,,unep-ozone-oewg47-inf3-rev1,2026-09-25
r472a,r32,0.12,,unep-ozone-oewg47-inf3-rev1,2026-09-25
r472a,r744,0.69,,unep-ozone-oewg47-inf3-rev1,2026-09-25
r472b,r134a,0.32,,unep-ozone-oewg47-inf3-rev1,2026-09-25
r472b,r32,0.1,,unep-ozone-oewg47-inf3-rev1,2026-09-25
r472b,r744,0.58,,unep-ozone-oewg47-inf3-rev1,2026-09-25
r473a,r1132a,0.2,,unep-ozone-oewg47-inf3-rev1,2026-09-25
r473a,r125,0.1,,unep-ozone-oewg47-inf3-rev1,2026-09-25
r473a,r23,0.1,,unep-ozone-oewg47-inf3-rev1,2026-09-25
r473a,r744,0.6,,unep-ozone-oewg47-inf3-rev1,2026-09-25
r474a,r1132e,0.23,,unep-ozone-oewg47-inf3-rev1,2026-09-25
r474a,r1234yf,0.77,,unep-ozone-oewg47-inf3-rev1,2026-09-25
r474b,r1132e,0.315,,unep-teap-2025-v3,2026-09-25
r474b,r1234yf,0.685,,unep-teap-2025-v3,2026-09-25
r475a,r1234yf,0.45,,unep-ozone-oewg47-inf3-rev1,2026-09-25
r475a,r1234zee,0.12,,unep-ozone-oewg47-inf3-rev1,2026-09-25
r475a,r134a,0.43,,unep-ozone-oewg47-inf3-rev1,2026-09-25
r475b,r1234yf,0.354,,unep-teap-2025-v3,2026-09-25
r475b,r1234zee,0.545,,unep-teap-2025-v3,2026-09-25
r475b,r134a,0.101,,unep-teap-2025-v3,2026-09-25
r476a,r1234zee,0.78,,unep-ozone-oewg47-inf3-rev1,2026-09-25
r476a,r1336mzze,0.12,,unep-ozone-oewg47-inf3-rev1,2026-09-25
r476a,r134a,0.1,,unep-ozone-oewg47-inf3-rev1,2026-09-25
r478a,r1234zee,0.3,,unep-teap-2025-v3,2026-09-25
r478a,r125,0.15,,unep-teap-2025-v3,2026-09-25
r478a,r134a,0.15,,unep-teap-2025-v3,2026-09-25
r478a,r152a,0.03,,unep-teap-2025-v3,2026-09-25
r478a,r227ea,0.04,,unep-teap-2025-v3,2026-09-25
r478a,r32,0.26,,unep-teap-2025-v3,2026-09-25
r478a,r744,0.07,,unep-teap-2025-v3,2026-09-25
r479a,r1132e,0.28,,unep-teap-2025-v3,2026-09-25
r479a,r1234yf,0.505,,unep-teap-2025-v3,2026-09-25
r479a,r32,0.215,,unep-teap-2025-v3,2026-09-25
r480a,r1234zee,0.86,,epa-r480a-snap39,2026-09-25
r480a,r227ea,0.09,,epa-r480a-snap39,2026-09-25
r480a,r744,0.05,,epa-r480a-snap39,2026-09-25
r481a,r1233zde,0.018,,unep-teap-2025-v3,2026-09-25
r481a,r125,0.063,,unep-teap-2025-v3,2026-09-25
r481a,r134a,0.744,,unep-teap-2025-v3,2026-09-25
r481a,r32,0.169,,unep-teap-2025-v3,2026-09-25
r481a,r601a,0.006,,unep-teap-2025-v3,2026-09-25
r482a,r1224ydz,0.065,,unep-ozone-oewg47-inf3-rev1,2026-09-25
r482a,r1234zee,0.835,,unep-ozone-oewg47-inf3-rev1,2026-09-25
r482a,r134a,0.1,,unep-ozone-oewg47-inf3-rev1,2026-09-25
r483a,r290,0.15,,unep-teap-2025-v3,2026-09-25
r483a,r600,0.85,,unep-teap-2025-v3,2026-09-25
r484a,r1270,0.12,,unep-teap-2025-v3,2026-09-25
r484a,r600,0.88,,unep-teap-2025-v3,2026-09-25
r485a,r1132a,0.1,,unep-teap-2025-v3,2026-09-25
r485a,r32,0.21,,unep-teap-2025-v3,2026-09-25
r485a,r744,0.69,,unep-teap-2025-v3,2026-09-25
r486a,r1234yf,0.219,,unep-teap-2025-v3,2026-09-25
r486a,r1234zee,0.338,,unep-teap-2025-v3,2026-09-25
r486a,r134a,0.063,,unep-teap-2025-v3,2026-09-25
r486a,r13i1,0.38,,unep-teap-2025-v3,2026-09-25
r487a,r1270,0.8,,unep-teap-2025-v3,2026-09-25
r487a,r170,0.2,,unep-teap-2025-v3,2026-09-25
r487b,r1270,0.83,,unep-teap-2025-v3,2026-09-25
r487b,r170,0.17,,unep-teap-2025-v3,2026-09-25
r488a,r1234yf,0.5,,unep-teap-2025-v3,2026-09-25
r488a,r1234zee,0.41,,unep-teap-2025-v3,2026-09-25
r488a,r152a,0.03,,unep-teap-2025-v3,2026-09-25
r488a,r32,0.06,,unep-teap-2025-v3,2026-09-25
r489a,r1150,0.22,,unep-teap-2025-v3,2026-09-25
r489a,r50,0.015,,unep-teap-2025-v3,2026-09-25
r489a,r600,0.765,,unep-teap-2025-v3,2026-09-25
r490a,r1150,0.079,,unep-teap-2025-v3,2026-09-25
r490a,r1270,0.921,,unep-teap-2025-v3,2026-09-25
r491a,r1132e,0.35,,unep-teap-2025-v3,2026-09-25
r491a,r152a,0.65,,unep-teap-2025-v3,2026-09-25
r493a,r290,0.094,,unep-teap-2025-v3,2026-09-25
r493a,r600,0.597,,unep-teap-2025-v3,2026-09-25
r493a,r600a,0.309,,unep-teap-2025-v3,2026-09-25
r493b,r290,0.118,,unep-teap-2025-v3,2026-09-25
r493b,r600,0.591,,unep-teap-2025-v3,2026-09-25
r493b,r600a,0.291,,unep-teap-2025-v3,2026-09-25
r493c,r290,0.151,,unep-teap-2025-v3,2026-09-25
r493c,r600,0.566,,unep-teap-2025-v3,2026-09-25
r493c,r600a,0.283,,unep-teap-2025-v3,2026-09-25
r494a,r13i1,0.36,,unep-teap-2025-v3,2026-09-25
r494a,r152a,0.6,,unep-teap-2025-v3,2026-09-25
r494a,r744,0.04,,unep-teap-2025-v3,2026-09-25
r495a,r1234yf,0.76,,unep-teap-2025-v3,2026-09-25
r495a,r1234zee,0.105,,unep-teap-2025-v3,2026-09-25
r495a,r134a,0.09,,unep-teap-2025-v3,2026-09-25
r495a,r32,0.045,,unep-teap-2025-v3,2026-09-25
r496a,r116,0.442,,unep-teap-2026-v3,2026-09-25
r496a,r14,0.18,,unep-teap-2026-v3,2026-09-25
r496a,r23,0.378,,unep-teap-2026-v3,2026-09-25
r497a,r1270,0.15,,unep-teap-2026-v3,2026-09-25
r497a,r13i1,0.85,,unep-teap-2026-v3,2026-09-25
r498a,r13i1,0.85,,unep-teap-2026-v3,2026-09-25
r498a,r170,0.07,,unep-teap-2026-v3,2026-09-25
r498a,r290,0.08,,unep-teap-2026-v3,2026-09-25
r499a,r170,0.08,,unep-teap-2026-v3,2026-09-25
r499a,r290,0.92,,unep-teap-2026-v3,2026-09-25
r500,r12,0.738,,unep-ozone-oewg47-inf3-rev1,2026-09-25
r500,r152a,0.262,,unep-ozone-oewg47-inf3-rev1,2026-09-25
r501,r12,0.25,,unep-ozone-oewg47-inf3-rev1,2026-09-25
r501,r22,0.75,,unep-ozone-oewg47-inf3-rev1,2026-09-25
r502,r115,0.512,,unep-ozone-oewg47-inf3-rev1,2026-09-25
r502,r22,0.488,,unep-ozone-oewg47-inf3-rev1,2026-09-25
r503,r13,0.599,,unep-ozone-oewg47-inf3-rev1,2026-09-25
r503,r23,0.401,,unep-ozone-oewg47-inf3-rev1,2026-09-25
r504,r115,0.518,,unep-ozone-oewg47-inf3-rev1,2026-09-25
r504,r32,0.482,,unep-ozone-oewg47-inf3-rev1,2026-09-25
r505,r12,0.78,,unep-ozone-blends-live-v3,2026-09-25
r505,r31,0.22,,unep-ozone-blends-live-v3,2026-09-25
r506,r114,0.45,,unep-ozone-blends-live-v3,2026-09-25
r506,r31,0.55,,unep-ozone-blends-live-v3,2026-09-25
r507a,r125,0.5,,epa-snap-compositions,2026-09-25
r507a,r143a,0.5,,epa-snap-compositions,2026-09-25
r508a,r116,0.61,,epa-snap-compositions,2026-09-25
r508a,r23,0.39,,epa-snap-compositions,2026-09-25
r508b,r116,0.54,,epa-snap-compositions,2026-09-25
r508b,r23,0.46,,epa-snap-compositions,2026-09-25
r509,r218,0.54,,unep-ozone-blends-live-v3,2026-09-25
r509,r22,0.46,,unep-ozone-blends-live-v3,2026-09-25
r509a,r218,0.56,,unep-ozone-oewg47-inf3-rev1,2026-09-25
r509a,r22,0.44,,unep-ozone-oewg47-inf3-rev1,2026-09-25
r510a,r600a,0.12,,unep-ozone-oewg47-inf3-rev1,2026-09-25
r510a,re170,0.88,,unep-ozone-oewg47-inf3-rev1,2026-09-25
r511a,r290,0.95,,unep-ozone-oewg47-inf3-rev1,2026-09-25
r511a,re170,0.05,,unep-ozone-oewg47-inf3-rev1,2026-09-25
r512a,r134a,0.05,,unep-ozone-oewg47-inf3-rev1,2026-09-25
r512a,r152a,0.95,,unep-ozone-oewg47-inf3-rev1,2026-09-25
r513a,r1234yf,0.56,,epa-snap-compositions,2026-09-25
r513a,r134a,0.44,,epa-snap-compositions,2026-09-25
r513b,r1234yf,0.585,,unep-ozone-oewg47-inf3-rev1,2026-09-25
r513b,r134a,0.415,,unep-ozone-oewg47-inf3-rev1,2026-09-25
r514a,r1130e,0.253,,chemours-xp30-tech,2026-09-25
r514a,r1336mzzz,0.747,,chemours-xp30-tech,2026-09-25
r515a,r1234zee,0.88,,unep-ozone-blends-live-v3,2026-09-25
r515a,r227ea,0.12,,unep-ozone-blends-live-v3,2026-09-25
r515b,r1234zee,0.911,,honeywell-r515b-tds,2026-09-25
r515b,r227ea,0.089,,honeywell-r515b-tds,2026-09-25
r516a,r1234yf,0.775,,epa-r516a-snap27,2026-09-25
r516a,r134a,0.085,,epa-r516a-snap27,2026-09-25
r516a,r152a,0.14,,epa-r516a-snap27,2026-09-25
