source_id,title,publisher,url,version_or_date,license_or_terms,scope,checked_at,checked_by,notes
agc-1224yd-technical,AMOLEA 1224yd technical information,AGC Chemicals,https://www.agc-chemicals.com/file/AMOLEAyd_Tech_English_D.PDF,Technical information checked 2026-09-25,Manufacturer publication; factual citation only,R1224yd(Z) name and designation only.,2026-09-25,PhaseKit data import,Reviewed designation/name pairs. The EPA ODS page additionally gives the matching CAS; the EU Annex I pairs are designation-specific and checked against existing CoolProp CAS rather than inferred from formula. No GWP or ODP values are imported from these name sources.
arkema-r134a,Arkema Forane 134a product information,Arkema,https://forane.arkema.com/en/product/fluorochemicals/forane134a/,Product page checked 2026-09-25,Selected factual product properties with attribution,Selected manufacturer facts only.,2026-09-25,PhaseKit data import,Classification and trade identifier only; manufacturer guidance is not universal equipment compatibility.
arkema-r22-2025,Arkema Forane Technical Digest — R22,Arkema,https://forane.arkema.com/files/live/sites/shared_arkema/files/Fluorochemicals/2025%20Forane%20Technical%20Digest-FINAL-LR.pdf,2025 technical digest; Forane 22 section,Selected factual safety classification and product identifier with attribution,Selected manufacturer facts only.,2026-09-25,PhaseKit data import,Only safety group and trade name imported; general US servicing/use descriptions do not determine EU legality.
bitzer-refreport-table,BITZER Refrigerant Report online selection table,BITZER,https://www.bitzer.de/shared_media/html/a-500-501/en-GB/679592331679628043.html,Online table reviewed 2026-09-25,Selected factual property extracts and contextual manufacturer oil categories with attribution,"ODP, ISO 817 safety class, molar mass, atmospheric boiling/bubble temperature, atmospheric glide, and BITZER oil categories. GWP and legal status excluded.",2026-09-25,PhaseKit data import,"Normal boiling for blends is the bubble point at ambient pressure. BITZER's -78.3°C R744 line is sublimation and is not imported as normal boiling. Oil 1 is typical for BITZER, Oil 2/3 possible; equipment-specific approval is still required."
chemours-a2l-charge-guidance,Safety considerations and charge size guidance when using low GWP A2L HFO blends,Chemours,https://www.chemours.com/en/-/media/files/opteon/case-studies/opteon-a2l-wp-charge-size-guidance-102919-final.pdf,"2019 technical white paper, table 2, page 7",Selected factual comparison-table extract with attribution,R152a lower flammability limit in air; test temperature is not specified in the table.,2026-09-25,PhaseKit data import,
chemours-opteon-2021,Chemours Opteon Refrigerants Properties — selected product facts,Chemours,https://www.opteon.com/en/-/media/files/opteon/opteon-sustainable-solutions-hfo-refrigerants-under-f-gas.pdf?rev=1b2d944d87c2459382296ec9b290df6a,"2021 brochure, properties table",Selected factual safety classifications and product identifiers with attribution; no brochure reproduction,Selected manufacturer facts only.,2026-09-25,PhaseKit data import,Only named safety classifications and trade names imported. GWP AR5 values are not EU legal GWPs; no retrofit recommendation imported.
chemours-replacement-guide,Opteon/Freon general replacement guide,Chemours,https://www.chemours.com/en/-/media/files/freon/opteon-freon-general-replacement-guide.pdf,2022-12-15 replacement guide; selected lubricant column,Short contextual oil guidance with attribution,Manufacturer-specific POE note for listed Opteon products; equipment manufacturer approval remains necessary.,2026-09-25,PhaseKit data import,
chemours-xp30-tech,Opteon XP30 (R-514A) product information,Chemours,https://pages.chemours.com/rs/509-VCL-038/images/opteonXP30-pt-BoletimTecnico.pdf,"2016 product bulletin, physical properties table",Selected factual product properties with attribution,R-514A mass composition and physical properties; no retrofit approval inferred.,2026-09-25,PhaseKit data import,
chemours-yf-bulletin,Opteon YF automotive refrigerant product information,Chemours,https://www.chemours.com/en/-/media/files/opteon/opteon-yf-product-information-bulletin.pdf,"Product bulletin, table 2, reviewed 2026-09-25",Selected factual flammability-property extract with attribution,R1234yf LFL at 21°C by ASTM E681-04 and autoignition by EC test A15.,2026-09-25,PhaseKit data import,
coolprop-mit,CoolProp fluid and predefined-mixture data,CoolProp project,https://github.com/CoolProp/CoolProp/tree/afce86ff977552663ca3a78d8ea318cc64dcbdfd/dev,git commit afce86ff977552663ca3a78d8ea318cc64dcbdfd,MIT License,"R- and RE-designated pure-fluid metadata, EOS thermodynamic constants, and predefined recipes.",2026-09-25,PhaseKit data import,CoolProp mole recipes are converted to mass fractions only for search/display and are marked partial. Environment/safety fields were excluded.
coolprop-pt-7.2.0,CoolProp 7.2.0 HEOS saturation and predefined mixtures,CoolProp project,https://github.com/CoolProp/CoolProp/tree/v7.2.0,CoolProp 7.2.0; git revision 98b3523d5daa98454618d381d2ae53f7471d216b,MIT License,Source for offline generated saturation curves and predefined mixture equations; distinct from the pinned identity import.,2026-09-25,PhaseKit data import,Generated PT metadata must identify this separate runtime and its validity range.
coolprop-ph-7.2.0,CoolProp 7.2.0 HEOS pressure-enthalpy model grids,CoolProp project,https://github.com/CoolProp/CoolProp/tree/v7.2.0,CoolProp 7.2.0; git revision 98b3523d5daa98454618d381d2ae53f7471d216b,MIT License,Source for offline Hmass(P T) single-phase grids and saturation enthalpy endpoints; model-derived within a bounded domain.,2026-09-25,PhaseKit data import,Generated p-h metadata uses this runtime; values are model estimates and do not establish equipment performance or full saturation dome coverage.
coolprop-r13i1-v3,CoolProp R13I1 fluid identity,CoolProp project,https://github.com/CoolProp/CoolProp/blob/afce86ff977552663ca3a78d8ea318cc64dcbdfd/dev/fluids/R13I1.json,git afce86ff977552663ca3a78d8ea318cc64dcbdfd,MIT,"Designation, CAS, formula and alias only; environmental and safety fields excluded.",2026-09-25,PhaseKit data import,
coolprop-rc318-v3,CoolProp RC318 fluid identity,CoolProp project,https://github.com/CoolProp/CoolProp/blob/afce86ff977552663ca3a78d8ea318cc64dcbdfd/dev/fluids/RC318.json,git afce86ff977552663ca3a78d8ea318cc64dcbdfd,MIT,"Designation, CAS and formula only; environmental and safety fields excluded.",2026-09-25,PhaseKit data import,
daikin-r32-sds-2023,HFC-32 safety data sheet,Daikin,https://www.daikinchemicals.com/library/pb_common/pdf/sds/Refrigerants/sds-HFC-32-E_20230323.pdf,"Revision 2023-03-23, section 9, page 4",Selected factual safety-property extract with attribution,R32 lower explosive limit in air. The cited Japanese method does not state test temperature; the same sheet says auto-ignition temperature not determined.,2026-09-25,PhaseKit data import,Do not substitute the separate 'ignition temperature' line for the explicitly undetermined auto-ignition field.
epa-1336-isomers,SNAP Notice 36: HFO-1336mzz isomer identities,United States Environmental Protection Agency,https://www.epa.gov/sites/default/files/2020-10/documents/notice_36_prepublication_version_10-22-20.pdf,2020-10-21,US EPA data are public domain by default unless otherwise specified,R1336mzz(E) and R1336mzz(Z) name and CAS identity only.,2026-09-25,PhaseKit data import,Reviewed designation/name pairs. The EPA ODS page additionally gives the matching CAS; the EU Annex I pairs are designation-specific and checked against existing CoolProp CAS rather than inferred from formula. No GWP or ODP values are imported from these name sources.
epa-cf3i-identity-v3,Greenhouse Gas Reporting Rule chemical identity table,United States Environmental Protection Agency,https://www.epa.gov/system/files/documents/2024-04/ghgrp-final-preamble-and-rule-april-2024.pdf,"Final rule, April 2024",UNEP/EPA public source; attribution,"Trifluoroiodomethane chemical name, CAS and formula only; GWP excluded.",2026-09-25,PhaseKit data import,
epa-chiller-snap-r514a,Substitutes in Centrifugal Chillers,United States Environmental Protection Agency,https://www.epa.gov/snap/substitutes-centrifugal-chillers,Page reviewed 2026-09-25,US EPA data are public domain by default unless otherwise specified,R-514A listed safety class B1 and published ODP; US use status not EU legality.,2026-09-25,PhaseKit data import,
epa-gwp-identities,Technology Transitions GWP Reference Table,United States Environmental Protection Agency,https://www.epa.gov/hfcs/technology-transitions-gwp-reference-table,Page updated 2026-04-02,US EPA data are public domain by default unless otherwise specified,R-designated identities only; US-rule GWP values are not imported.,2026-09-25,PhaseKit data import,"37 rows, 10 overlap the EPA composition page."
epa-hfo-yf-name,SNAP Rule 25: HFO-1234yf identity,United States Environmental Protection Agency,https://www.epa.gov/system/files/documents/2023-04/SAN%206399_Final%20SNAP%20Rule%2025_signed%20pre-publication.pdf,2023-04-19,US EPA data are public domain by default unless otherwise specified,HFO-1234yf name and CAS only.,2026-09-25,PhaseKit data import,Reviewed designation/name pairs. The EPA ODS page additionally gives the matching CAS; the EU Annex I pairs are designation-specific and checked against existing CoolProp CAS rather than inferred from formula. No GWP or ODP values are imported from these name sources.
epa-hfo-ze-name,SNAP substitutes in propellants: HFO-1234ze(E) identity,United States Environmental Protection Agency,https://www.epa.gov/snap/substitutes-propellants,Web table checked 2026-09-25,US EPA data are public domain by default unless otherwise specified,HFO-1234ze(E) name and CAS only.,2026-09-25,PhaseKit data import,Reviewed designation/name pairs. The EPA ODS page additionally gives the matching CAS; the EU Annex I pairs are designation-specific and checked against existing CoolProp CAS rather than inferred from formula. No GWP or ODP values are imported from these name sources.
epa-ods-names,Ozone-Depleting Substances: Class I and II chemical names and CAS,United States Environmental Protection Agency,https://www.epa.gov/ozone-layer-protection/ozone-depleting-substances,Web table checked 2026-09-25,US EPA data are public domain by default unless otherwise specified,Chemical names cross-checked by refrigerant designation and CAS only.,2026-09-25,PhaseKit data import,Reviewed designation/name pairs. The EPA ODS page additionally gives the matching CAS; the EU Annex I pairs are designation-specific and checked against existing CoolProp CAS rather than inferred from formula. No GWP or ODP values are imported from these name sources.
epa-ods-r31-v3,Ozone-Depleting Substances: Class II ODS,United States Environmental Protection Agency,https://www.epa.gov/ozone-layer-protection/ozone-depleting-substances,Live page retrieved 2026-09-25,UNEP/EPA public source; attribution,"HCFC-31 chemical name, formula and CAS only.",2026-09-25,PhaseKit data import,
epa-r31-designation-v3,Wisconsin hazardous air pollutants source list (R-31 synonym),United States Environmental Protection Agency,https://www.epa.gov/system/files/documents/2025-04/wi-nr-438.pdf,"EPA-hosted document, April 2025",UNEP/EPA public source; attribution,Explicit R-31 synonym of HCFC-31; no regulatory values imported.,2026-09-25,PhaseKit data import,
epa-r480a-snap39,SNAP Notice 39 R-480A assessment,United States Environmental Protection Agency,https://www.epa.gov/system/files/documents/2024-12/12145-01-oar-snap-39_webversion.pdf,"2024-11-27 prepublication, R-480A section",US EPA data are public domain by default unless otherwise specified,R-480A mass composition only; US use decisions not applied in EU.,2026-09-25,PhaseKit data import,
epa-r516a-snap27,SNAP proposed rule 27 R-516A assessment,United States Environmental Protection Agency,https://www.epa.gov/system/files/documents/2025-10/frl-12207-1-oar-snap-27-nprm-preamble-10222025_admin-prepub_0.pdf,"2025-10-24 prepublication, R-516A section",US EPA data are public domain by default unless otherwise specified,R-516A mass composition and A2L classification only; proposal status retained.,2026-09-25,PhaseKit data import,
epa-snap-compositions,Compositions of Refrigerant Blends,United States Environmental Protection Agency,https://www.epa.gov/snap/compositions-refrigerant-blends,Page updated 2026-03-30,US EPA data are public domain by default unless otherwise specified,44 R-designated blend rows with directly reported mass fractions.,2026-09-25,PhaseKit data import,Page count excludes unnumbered trade products; source denominator does not imply all refrigerants.
eu-2024-573,Regulation (EU) 2024/573 on fluorinated greenhouse gases,European Union,https://eur-lex.europa.eu/eli/reg/2024/573/oj,2024-02-07; Annex I/II/VI,Official EU legal text; attribution,Only mapped Annex I/II legal class and GWP facts.,2026-09-25,PhaseKit data import,Annex I HFC and PFC facts can have different GWP assessment bases; each fact stores its exact basis.
eu-2024-590,Regulation (EU) 2024/590 on substances that deplete the ozone layer,European Union,https://eur-lex.europa.eu/eli/reg/2024/590/oj,2024-02-07; Annex I,Official EU legal text; attribution,Mapped ODS Annex I legal class and environmental facts.,2026-09-25,PhaseKit data import,Values are kept distinct from Regulation (EU) 2024/573 facts.
fi-ymparisto,F-kaasut ja otsonikerrosta heikentävät aineet,Suomen ympäristökeskus,https://www.ymparisto.fi/fi/luvat-ja-velvoitteet/f-kaasut-ja-otsonikerrosta-heikentavat-aineet,Checked 2026-09-25,Finnish public authority information; attribution,Finnish regulatory context only; no technical value is sourced here.,2026-09-25,PhaseKit data import,SYKE administers Finnish market supervision for F-gases and ODS.
honeywell-1233zd-identity,Solstice Liquid Blowing Agent technical information,Honeywell,https://ess.honeywell.com/content/dam/advancedmaterials/en/documents/document-lists/blowing-agents/technical/TDS-Solstice-LBA-Feb2022.pdf,February 2022,Manufacturer publication; factual citation only,R1233zd(E) name and CAS identity only.,2026-09-25,PhaseKit data import,Reviewed designation/name pairs. The EPA ODS page additionally gives the matching CAS; the EU Annex I pairs are designation-specific and checked against existing CoolProp CAS rather than inferred from formula. No GWP or ODP values are imported from these name sources.
honeywell-r404a,Honeywell Genetron 404A product information,Honeywell,https://www.honeywell-refrigerants.com/europe/product/genetron-404a/,Product page checked 2026-09-25,Selected factual product properties with attribution,Selected manufacturer facts only.,2026-09-25,PhaseKit data import,Only safety and trade name used. Page regulatory prose is outdated and excluded.
honeywell-r515b-tds,Solstice N15 (R-515B) technical data sheet,Honeywell,https://prod-edam.honeywell.com/content/dam/honeywell-edam/pmt/oneam/en-us/refrigerants/documents/pmt-am-515b-tds.pdf,Technical data sheet reviewed 2026-09-25,Selected factual product properties and contextual lubricant guidance with attribution,"R-515B composition, safety, ODP, normal boiling point and oil note; no universal compressor compatibility.",2026-09-25,PhaseKit data import,
linde-2019-safety,Linde F-Gases and Alternatives — selected safety classifications,Linde,https://static.prd.echannel.linde.com/wcsstore/CZ_RME_Industrial_Gas_Store/Linde/Chladiva/F_Gases_8str_tcm79-554901.pdf,072019_GG; pages 3–7,Selected factual classifications and product identifiers with attribution; no brochure reproduction,Selected manufacturer facts only.,2026-09-25,PhaseKit data import,2019 product brochure. Only specified safety/name facts are used; its old GWP/regulatory/replacement guidance is excluded.
nist-r1130e-study,"Compressed Liquid Measurements of trans-1,2-Dichloroethene [R-1130(E)]","NIST researchers, International Journal of Thermophysics",https://link.springer.com/article/10.1007/s10765-025-03526-4,2025 research article,Research publication; attribution; short chemical identity only,R-1130(E) chemical name identity only.,2026-09-25,PhaseKit data import,Reviewed designation/name pairs. The EPA ODS page additionally gives the matching CAS; the EU Annex I pairs are designation-specific and checked against existing CoolProp CAS rather than inferred from formula. No GWP or ODP values are imported from these name sources.
nist-refprop-identities,The NIST REFPROP Database for Highly Accurate Properties of Industrially Important Fluids,"NIST researchers, Industrial & Engineering Chemistry Research",https://pubs.acs.org/doi/10.1021/acs.iecr.2c01427,"2022, fluid identity table",Research publication; attribution; only short chemical names and CAS identity pairings extracted,"R1123, R1234ze(Z), R1243zf, and RE143a designation/name/CAS matching only.",2026-09-25,PhaseKit data import,Reviewed designation/name pairs. The EPA ODS page additionally gives the matching CAS; the EU Annex I pairs are designation-specific and checked against existing CoolProp CAS rather than inferred from formula. No GWP or ODP values are imported from these name sources.
ul-flammable-whitepaper,Revisiting Flammable Refrigerants,UL,https://www.epa.gov/sites/default/files/documents/ul_whitepaper_flammablerefrigerants.pdf,"UL white paper, table 5, page 14",Selected factual temperatures and limits with attribution,"R-290, R-600 and R-600a ignition temperature and lower flammability limit only.",2026-09-25,PhaseKit data import,
ul-r40-name,"Revisiting Flammable Refrigerants, R-40 chemical name",UL,https://www.epa.gov/sites/default/files/documents/ul_whitepaper_flammablerefrigerants.pdf,"UL white paper, table 5",Selected factual name with attribution,R40 designation and methyl chloride name only.,2026-09-25,PhaseKit data import,Reviewed designation/name pairs. The EPA ODS page additionally gives the matching CAS; the EU Annex I pairs are designation-specific and checked against existing CoolProp CAS rather than inferred from formula. No GWP or ODP values are imported from these name sources.
unep-ozone-blends-live-v3,Lists of substances and blends,UNEP Ozone Secretariat,https://ozone.unep.org/lists-substances-and-blends,Live list retrieved 2026-09-25,UNEP/EPA public source; attribution,Historical blend designations and mass compositions; GWP values deliberately not imported.,2026-09-25,PhaseKit data import,
unep-ozone-oewg47-inf3-rev1,Mixtures of controlled substances: tables 1 and 2,UNEP Ozone Secretariat,https://ozone.unep.org/system/files/documents/OEWG-47-INF-3-Rev-1.pdf,"UNEP/OzL.Pro.WG.1/47/INF/3/Rev.1, tables 1 and 2",Official public UN document; attributed factual composition extracts,Nominal blend composition by mass only; Montreal Protocol GWP and default ODP not reused as EU facts.,2026-09-25,PhaseKit data import,The document explicitly says unassigned ODP/GWP values default to zero; blank ODP cells must not be interpreted as zero.
unep-teap-2020-v3,"TEAP May 2020 Progress Report, volume 1, table 2",UNEP Ozone Secretariat / TEAP,https://ozone.unep.org/sites/default/files/2020-06/TEAP-Progress-report-and-response-decXXXI-8-may2020_0.pdf,"May 2020, table 2",UNEP/EPA public source; attribution,R427B and R466A A1 safety classes only.,2026-09-25,PhaseKit data import,
unep-teap-2025-v3,"TEAP May 2025 Progress Report, volume 1, table 6.1",UNEP Ozone Secretariat / TEAP,https://ozone.unep.org/system/files/documents/TEAP-May2025-Progress-Report-vol1.pdf,"May 2025, printed pages 60-61, PDF pages 69-70",UNEP/EPA public source; attribution,"New blend designations, mass compositions and reported safety classes.",2026-09-25,PhaseKit data import,
unep-teap-2026-v3,"TEAP May 2026 Progress Report, volume 1, table 6.1",UNEP Ozone Secretariat / TEAP,https://ozone.unep.org/system/files/documents/TEAP-May2026-Progress-Report-vol1.pdf,"May 2026, printed page 80, PDF page 88",UNEP/EPA public source; attribution,"Seven new blend designations, mass compositions and reported safety classes.",2026-09-25,PhaseKit data import,
dcceew-safety-2024-preview,Hydrofluorocarbon refrigerants: safety classifications,"Department of Climate Change, Energy, the Environment and Water",https://www.dcceew.gov.au/environment/protection/ozone/rac/global-warming-potential-values-hfc-refrigerants,Updated 2024-12-13; checked 2026-09-26,CC BY 4.0; https://creativecommons.org/licenses/by/4.0/,"Selected safety groups only. AS/NZS ISO 817:2016 where available, other reputable sources otherwise; no GWP, composition or legal approval imported.",2026-09-26,PhaseKit source review,"Adapted factual extracts. Attribution: Department of Climate Change, Energy, the Environment and Water. 2024. Hydrofluorocarbon refrigerants - global warming potential values and safety classifications. Copyright policy https://www.dcceew.gov.au/about/copyright checked 2026-09-26. Source is general reference and asks users to independently check classifications. R440A omitted pending conflicting composition review."
epa-snap-transport-preview,SNAP refrigerated transport: selected safety classifications,United States Environmental Protection Agency,https://www.epa.gov/snap/substitutes-refrigerated-transport,Live table checked 2026-09-26,Attributed individual factual classifications from EPA-authored table; no document or third-party content reproduced,"Safety groups only for R406A, R414A, R414B, R416A and R480A. US listing statuses and GWP values not imported.",2026-09-26,PhaseKit source review,"Safety classification column checked against exact refrigerant designations. EPA copyright conditions vary by document; this extract contains individual facts only, not a republication of the table. https://www.epa.gov/web-policies-and-procedures/epa-disclaimers"
epa-snap-ac-preview,SNAP residential air conditioning: R441A safety classification,United States Environmental Protection Agency,https://www.epa.gov/snap/substitutes-residential-and-light-commercial-air-conditioning-and-heat-pumps,Updated 2026-03-19; checked 2026-09-26,Attributed individual factual classification from EPA-authored table; no document or third-party content reproduced,"R441A A3 safety group only; no US use approval, application or GWP imported.",2026-09-26,PhaseKit source review,"ASHRAE designation/safety classification column, R441A row. EPA conditions https://www.epa.gov/web-policies-and-procedures/epa-disclaimers"
chemours-xp10-critical-preview,Opteon XP10 (R513A) thermodynamic properties: critical point,Chemours,https://www.opteon.com/en/-/media/files/opteon/opteon-xp10-thermo-properties-si.pdf?rev=c5f4087c1e8c4d4f8c2922151995eee2,SI bulletin page 1; checked 2026-09-26,"Selected factual product properties with attribution; no tables, diagrams or model reproduced",R513A critical temperature 96.5 C and critical absolute pressure 3765.7 kPa only.,2026-09-26,PhaseKit source review,Converted 3765.7 kPa absolute to 37.657 bar absolute. Published model uses NIST REFPROP 9.1 with Chemours interaction parameters. Existing BITZER boiling point retained; this bulletin is not imported as a PT or enthalpy model.
